id,date,client_id,card_id,amount,use_chip,merchant_id,merchant_city,merchant_state,zip,mcc,errors,amount_numeric,anomaly_score,is_anomaly
7527850,2010-01-14 11:14:00,1052,3651,$1374.16,Swipe Transaction,38849,Pinole,CA,94564.0,8111,,1374.16,-1,True
7541349,2010-01-17 21:50:00,604,3434,$510.75,Swipe Transaction,16041,South Ozone Park,NY,11420.0,7802,,510.75,-1,True
7555832,2010-01-21 14:03:00,884,145,$528.76,Swipe Transaction,36934,Grand Rapids,MI,49534.0,7538,,528.76,-1,True
7485768,2010-01-03 15:25:00,178,4214,$456.00,Online Transaction,52073,ONLINE,,,4722,,456.0,-1,True
7556815,2010-01-21 18:22:00,1477,3747,$445.11,Swipe Transaction,57386,Alliance,OH,44601.0,3132,,445.11,-1,True
7588548,2010-01-30 00:56:00,1170,4592,$640.75,Swipe Transaction,57386,Summerville,SC,29485.0,3132,,640.75,-1,True
7557073,2010-01-21 20:20:00,1106,2183,$-356.00,Swipe Transaction,49637,Chandler,AZ,85286.0,3509,,-356.0,-1,True
7513692,2010-01-10 18:22:00,1223,1042,$1414.16,Swipe Transaction,56271,Hinsdale,IL,60521.0,6300,,1414.16,-1,True
7557660,2010-01-22 06:04:00,13,2109,$481.00,Swipe Transaction,71883,Louisville,KY,40207.0,3405,,481.0,-1,True
7590892,2010-01-30 15:28:00,1269,4239,$424.15,Swipe Transaction,42180,Cincinnati,OH,45205.0,7011,,424.15,-1,True
7508348,2010-01-09 12:45:00,39,2039,$-264.00,Swipe Transaction,49637,Anaheim,CA,92807.0,3509,,-264.0,-1,True
7514224,2010-01-10 22:48:00,519,3380,$414.00,Swipe Transaction,3558,North Las Vegas,NV,89031.0,3640,,414.0,-1,True
7558568,2010-01-22 10:48:00,801,5772,$493.00,Swipe Transaction,57133,Waianae,HI,96792.0,3730,,493.0,-1,True
7524202,2010-01-13 12:22:00,1360,2184,$-362.00,Swipe Transaction,7777,Columbus,OH,43206.0,3684,,-362.0,-1,True
7497783,2010-01-06 15:36:00,1224,3874,$1243.15,Swipe Transaction,98672,College Park,MD,20740.0,5300,,1243.15,-1,True
7589881,2010-01-30 11:36:00,708,5165,$427.51,Swipe Transaction,54850,New York,NY,10281.0,4814,,427.51,-1,True
7591850,2010-01-30 20:42:00,1223,1042,$-460.00,Swipe Transaction,71883,La Grange,IL,60525.0,3405,,-460.0,-1,True
7555977,2010-01-21 14:34:00,1276,5954,$726.08,Swipe Transaction,58297,Chicago,IL,60620.0,8062,,726.08,-1,True
7514210,2010-01-10 22:40:00,585,5881,$-464.00,Swipe Transaction,92822,Miami,FL,33162.0,3395,,-464.0,-1,True
7565166,2010-01-24 07:15:00,1686,2617,$474.00,Online Transaction,52073,ONLINE,,,4722,,474.0,-1,True
7478186,2010-01-01 16:01:00,1976,1171,$492.52,Swipe Transaction,51593,Hampstead,MD,21074.0,7995,,492.52,-1,True
7492047,2010-01-05 09:31:00,231,4221,$465.00,Swipe Transaction,7777,Kalamazoo,MI,49004.0,3684,,465.0,-1,True
7506469,2010-01-08 22:42:00,1360,143,$-320.00,Swipe Transaction,3558,Jacksonville,FL,32217.0,3640,,-320.0,-1,True
7514209,2010-01-10 22:39:00,1986,5496,$952.34,Swipe Transaction,29742,Los Altos,CA,94022.0,3256,,952.34,-1,True
7590309,2010-01-30 13:10:00,1576,2441,$-462.00,Swipe Transaction,74934,Oakland,CA,94606.0,3596,,-462.0,-1,True
7525882,2010-01-13 20:07:00,704,2168,$1393.13,Swipe Transaction,95826,Memphis,TN,38135.0,3006,,1393.13,-1,True
7562446,2010-01-23 12:03:00,39,2039,$1341.62,Swipe Transaction,23413,Hatboro,PA,19040.0,8062,,1341.62,-1,True
7567286,2010-01-24 14:44:00,1135,4977,$441.00,Swipe Transaction,57133,Waianae,HI,96792.0,3730,,441.0,-1,True
7493664,2010-01-05 15:16:00,729,2217,$452.88,Swipe Transaction,85555,Frankfort,IN,46041.0,8111,,452.88,-1,True
7527717,2010-01-14 10:42:00,1177,3030,$1345.47,Swipe Transaction,29742,Baltimore,MD,21223.0,3256,,1345.47,-1,True
7508691,2010-01-09 14:09:00,549,2588,$-450.00,Swipe Transaction,39991,Lincoln Park,MI,48146.0,3771,,-450.0,-1,True
7561398,2010-01-23 07:14:00,216,2063,$-314.00,Swipe Transaction,7777,Plant City,FL,33567.0,3684,,-314.0,-1,True
7527765,2010-01-14 10:53:00,1979,2812,$606.46,Online Transaction,6063,ONLINE,,,4511,,606.46,-1,True
7571978,2010-01-25 17:09:00,820,3224,$762.55,Swipe Transaction,85600,Warwick,RI,2889.0,3066,,762.55,-1,True
7495921,2010-01-06 09:00:00,1102,979,$918.21,Swipe Transaction,91891,Tulsa,OK,74137.0,6300,,918.21,-1,True
7503100,2010-01-08 05:17:00,921,4675,$525.38,Swipe Transaction,16041,South Ozone Park,NY,11420.0,7802,,525.38,-1,True
7508992,2010-01-09 15:19:00,1621,5036,$874.19,Swipe Transaction,5594,Garden Grove,CA,92840.0,3001,,874.19,-1,True
7508053,2010-01-09 11:35:00,1028,139,$648.84,Online Transaction,89650,ONLINE,,,6300,,648.84,-1,True
7543289,2010-01-18 11:45:00,912,4197,$902.13,Online Transaction,6063,ONLINE,,,4511,,902.13,-1,True
7548850,2010-01-19 18:39:00,576,5400,$474.00,Swipe Transaction,74934,Oakland,CA,94606.0,3596,,474.0,-1,True
7580949,2010-01-28 01:09:00,989,4124,$498.70,Swipe Transaction,6699,Chantilly,VA,20152.0,7995,,498.7,-1,True
7537235,2010-01-16 21:38:00,1498,2232,$484.12,Swipe Transaction,40026,Williamstown,NJ,8094.0,6300,,484.12,-1,True
7544933,2010-01-18 18:34:00,719,5518,$942.49,Swipe Transaction,7257,Harrisburg,IL,62946.0,3260,,942.49,-1,True
7517787,2010-01-11 19:04:00,1397,2957,$-281.00,Swipe Transaction,39991,Lincoln Park,MI,48146.0,3771,,-281.0,-1,True
7535208,2010-01-16 11:39:00,61,2622,$-277.00,Swipe Transaction,3558,Gansevoort,NY,12831.0,3640,,-277.0,-1,True
7506587,2010-01-09 01:03:00,989,4613,$481.58,Online Transaction,70129,ONLINE,,,7801,,481.58,-1,True
7510230,2010-01-09 23:51:00,1163,4236,$-482.00,Swipe Transaction,75377,Sherman,NY,14781.0,7011,,-482.0,-1,True
7519963,2010-01-12 11:24:00,13,2941,$609.03,Swipe Transaction,5594,Glasgow,KY,42141.0,3001,,609.03,-1,True
7579301,2010-01-27 13:51:00,1686,2617,$-474.00,Online Transaction,52073,ONLINE,,,4722,,-474.0,-1,True
7550048,2010-01-20 07:45:00,52,4976,$512.32,Swipe Transaction,38489,Buffalo,NY,14226.0,3058,,512.32,-1,True
7484578,2010-01-03 10:56:00,79,2931,$579.71,Swipe Transaction,7257,Titusville,FL,32796.0,3260,,579.71,-1,True
7589607,2010-01-30 10:25:00,890,5799,$513.57,Swipe Transaction,68977,Lemoore,CA,93245.0,3174,,513.57,-1,True
7510367,2010-01-10 03:40:00,738,5774,$439.56,Swipe Transaction,3620,Santo Domingo,Dominican Republic,,7011,,439.56,-1,True
7480227,2010-01-02 08:51:00,1381,3738,$554.95,Online Transaction,43422,ONLINE,,,6300,,554.95,-1,True
7509212,2010-01-09 16:14:00,989,4124,$-351.00,Swipe Transaction,41523,Smithville,TX,78957.0,3387,,-351.0,-1,True
7587998,2010-01-29 19:21:00,1176,5003,$-352.00,Swipe Transaction,57133,Waianae,HI,96792.0,3730,,-352.0,-1,True
7533476,2010-01-15 21:19:00,1176,5003,$-380.00,Swipe Transaction,15426,Sleepy Eye,MN,56085.0,3390,,-380.0,-1,True
7588540,2010-01-30 00:49:00,989,4124,$408.42,Swipe Transaction,31883,Atlantic City,NJ,8401.0,7995,,408.42,-1,True
7500046,2010-01-07 09:19:00,1917,2129,$460.44,Swipe Transaction,19007,Rocky Point,NY,11778.0,8021,,460.44,-1,True
7573239,2010-01-26 07:05:00,846,3443,$422.47,Online Transaction,73186,ONLINE,,,4814,,422.47,-1,True
7569777,2010-01-25 09:07:00,1567,2916,$1117.91,Online Transaction,52073,ONLINE,,,4722,,1117.91,-1,True
7507115,2010-01-09 07:38:00,1381,3738,$-423.00,Swipe Transaction,92822,Hackensack,MN,56452.0,3395,,-423.0,-1,True
7547078,2010-01-19 11:01:00,332,5816,$-340.00,Swipe Transaction,41523,San Diego,CA,92119.0,3387,,-340.0,-1,True
7589239,2010-01-30 08:37:00,1916,3258,$845.20,Swipe Transaction,29742,Malabar,FL,32950.0,3256,,845.2,-1,True
7493826,2010-01-05 15:57:00,961,4584,$-382.00,Swipe Transaction,59053,Wilkes Barre,PA,18703.0,7011,,-382.0,-1,True
7532379,2010-01-15 14:52:00,677,179,$479.38,Swipe Transaction,3558,San Diego,CA,92154.0,3640,,479.38,-1,True
7531993,2010-01-15 13:14:00,623,2072,$473.00,Swipe Transaction,16790,Las Vegas,NV,89103.0,3389,,473.0,-1,True
7494346,2010-01-05 18:39:00,585,5881,$464.00,Swipe Transaction,92822,Miami,FL,33162.0,3395,,464.0,-1,True
7518635,2010-01-12 06:26:00,1086,2947,$1324.67,Online Transaction,6063,ONLINE,,,4511,,1324.67,-1,True
7502865,2010-01-07 22:41:00,1258,5951,$498.00,Online Transaction,90999,ONLINE,,,4722,,498.0,-1,True
7580926,2010-01-28 00:41:00,549,2588,$415.00,Swipe Transaction,78644,Las Vegas,NV,89148.0,3775,,415.0,-1,True
7519367,2010-01-12 09:10:00,1700,2581,$-327.00,Swipe Transaction,7777,Shanghai,China,,3684,,-327.0,-1,True
7495051,2010-01-06 03:50:00,1490,5950,$643.16,Swipe Transaction,68977,Denver,CO,80218.0,3174,,643.16,-1,True
7553161,2010-01-20 21:23:00,212,2418,$-301.00,Swipe Transaction,3558,Lorena,TX,76655.0,3640,,-301.0,-1,True
7568512,2010-01-24 21:45:00,604,3434,$479.87,Swipe Transaction,16041,South Ozone Park,NY,11420.0,7802,,479.87,-1,True
7519438,2010-01-12 09:23:00,385,5124,$-441.00,Swipe Transaction,7777,Waynesboro,PA,17268.0,3684,,-441.0,-1,True
7524146,2010-01-13 12:11:00,1024,1006,$438.88,Swipe Transaction,43076,Andover,KS,67002.0,8111,,438.88,-1,True
7489305,2010-01-04 13:33:00,1253,2561,$-333.00,Swipe Transaction,39991,Lincoln Park,MI,48146.0,3771,,-333.0,-1,True
7563618,2010-01-23 16:43:00,1981,4151,$-321.00,Swipe Transaction,16790,Los Angeles,CA,90024.0,3389,,-321.0,-1,True
7577434,2010-01-27 07:20:00,776,5859,$428.00,Swipe Transaction,41523,Memphis,TN,38119.0,3387,,428.0,-1,True
7500585,2010-01-07 11:20:00,776,5859,$1454.50,Swipe Transaction,60152,Waynesboro,TN,38485.0,3000,,1454.5,-1,True
7491723,2010-01-05 08:19:00,848,5423,$409.70,Swipe Transaction,89074,Harwood,MD,20776.0,7276,,409.7,-1,True
7588766,2010-01-30 06:20:00,368,2226,$546.35,Swipe Transaction,80235,Orlando,FL,32825.0,5712,,546.35,-1,True
7571076,2010-01-25 13:41:00,1872,4267,$-291.00,Swipe Transaction,15426,Mchenry,IL,60051.0,3390,,-291.0,-1,True
7589714,2010-01-30 10:58:00,912,3845,$930.42,Swipe Transaction,7257,Fort Lauderdale,FL,33308.0,3260,,930.42,-1,True
7535391,2010-01-16 12:22:00,128,5048,$-335.00,Swipe Transaction,92822,Houston,TX,77062.0,3395,,-335.0,-1,True
7547964,2010-01-19 14:22:00,401,3004,$916.54,Swipe Transaction,7257,Ontario,CA,91761.0,3260,,916.54,-1,True
7514162,2010-01-10 22:15:00,1492,5452,$-321.00,Swipe Transaction,16790,Saint Charles,IL,60174.0,3389,,-321.0,-1,True
7563597,2010-01-23 16:39:00,1694,3306,$-316.00,Swipe Transaction,7777,Annapolis,MD,21401.0,3684,,-316.0,-1,True
7522782,2010-01-13 07:14:00,1168,3239,$674.54,Online Transaction,72813,ONLINE,,,6300,,674.54,-1,True
7528750,2010-01-14 14:35:00,1888,1169,$421.16,Online Transaction,52100,ONLINE,,,7801,,421.16,-1,True
7541734,2010-01-18 05:08:00,1731,34,$-470.00,Swipe Transaction,51300,Clover,SC,29710.0,3359,,-470.0,-1,True
7480218,2010-01-02 08:50:00,984,121,$459.00,Swipe Transaction,77316,Wildwood,FL,34785.0,7011,,459.0,-1,True
7507952,2010-01-09 11:09:00,419,3854,$-331.00,Swipe Transaction,7777,Houma,LA,70360.0,3684,,-331.0,-1,True
7577010,2010-01-27 03:36:00,33,5120,$-380.00,Online Transaction,52073,ONLINE,,,4722,,-380.0,-1,True
7549048,2010-01-19 20:08:00,208,4980,$474.28,Online Transaction,43422,ONLINE,,,6300,,474.28,-1,True
7531332,2010-01-15 10:36:00,1946,3679,$-252.00,Swipe Transaction,15426,Compton,CA,90222.0,3390,,-252.0,-1,True
7590667,2010-01-30 14:40:00,1164,5757,$1063.45,Swipe Transaction,69965,Las Vegas,NV,89109.0,7995,,1063.45,-1,True
7522062,2010-01-12 21:32:00,1067,1063,$504.18,Swipe Transaction,60152,Roland,OK,74954.0,3000,,504.18,-1,True
7537171,2010-01-16 21:09:00,1988,2161,$457.00,Swipe Transaction,44795,Anchorage,AK,99504.0,3780,,457.0,-1,True
7517862,2010-01-11 19:38:00,1996,4744,$-499.00,Swipe Transaction,4184,Conroe,TX,77302.0,7011,,-499.0,-1,True
7514940,2010-01-11 07:36:00,150,2852,$413.31,Swipe Transaction,97249,Lorton,VA,22079.0,6300,,413.31,-1,True
7495046,2010-01-06 03:42:00,216,2063,$-385.00,Swipe Transaction,52923,Montreal,Canada,,3504,,-385.0,-1,True
7504492,2010-01-08 12:22:00,1567,2916,$831.13,Swipe Transaction,41620,Virginia Beach,VA,23452.0,3005,,831.13,-1,True
7566461,2010-01-24 11:47:00,549,2588,$-368.00,Swipe Transaction,3558,Quincy,MA,2169.0,3640,,-368.0,-1,True
7478227,2010-01-01 16:14:00,122,3794,$-381.00,Swipe Transaction,44795,Marysville,OH,43040.0,3780,,-381.0,-1,True
7549664,2010-01-20 06:15:00,487,2835,$767.19,Swipe Transaction,57386,Hamburg,NY,14075.0,3132,,767.19,-1,True
7588483,2010-01-29 23:25:00,1533,4625,$442.00,Swipe Transaction,2586,Cabo San Lucas,Mexico,,7011,,442.0,-1,True
7479303,2010-01-01 22:25:00,300,3814,$409.85,Swipe Transaction,78644,Las Vegas,NV,89148.0,3775,,409.85,-1,True
7536839,2010-01-16 18:46:00,1129,5492,$-369.00,Swipe Transaction,41523,Indianapolis,IN,46256.0,3387,,-369.0,-1,True
7541290,2010-01-17 21:19:00,976,2169,$-344.00,Swipe Transaction,44795,Marysville,OH,43040.0,3780,,-344.0,-1,True
7477302,2010-01-01 12:34:00,900,3412,$-500.00,Swipe Transaction,16790,Palatine,IL,60074.0,3389,,-500.0,-1,True
7499646,2010-01-07 07:49:00,39,2039,$770.97,Online Transaction,52073,ONLINE,,,4722,,770.97,-1,True
7522113,2010-01-12 22:04:00,519,3380,$-414.00,Swipe Transaction,3558,North Las Vegas,NV,89031.0,3640,,-414.0,-1,True
7591024,2010-01-30 15:55:00,549,2588,$-415.00,Swipe Transaction,78644,Las Vegas,NV,89148.0,3775,,-415.0,-1,True
7490624,2010-01-04 20:39:00,1405,5420,$-394.00,Swipe Transaction,59474,Garrison,ND,58540.0,3722,,-394.0,-1,True
7590688,2010-01-30 14:44:00,1477,4947,$818.28,Swipe Transaction,89540,Johnstown,OH,43031.0,8111,,818.28,-1,True
7564249,2010-01-23 20:40:00,1019,2602,$-332.00,Online Transaction,52073,ONLINE,,,4722,,-332.0,-1,True
7525308,2010-01-13 16:23:00,461,5482,$468.00,Online Transaction,90999,ONLINE,,,4722,,468.0,-1,True
7575156,2010-01-26 13:40:00,1041,2500,$-403.00,Swipe Transaction,59474,Hixson,TN,37343.0,3722,,-403.0,-1,True
7564126,2010-01-23 19:45:00,708,5165,$575.82,Swipe Transaction,49637,Toronto,Canada,,3509,Bad PIN,575.82,-1,True
7514512,2010-01-11 05:42:00,165,5146,$1501.95,Swipe Transaction,60569,Morgan Hill,CA,95037.0,5300,,1501.95,-1,True
7563191,2010-01-23 14:59:00,1981,4,$-362.00,Swipe Transaction,49637,Los Angeles,CA,90023.0,3509,,-362.0,-1,True
7574598,2010-01-26 11:49:00,748,1067,$665.37,Swipe Transaction,95676,Glendale,AZ,85301.0,3144,,665.37,-1,True
7527035,2010-01-14 08:11:00,1258,1105,$630.94,Swipe Transaction,57386,Rosemead,CA,91770.0,3132,,630.94,-1,True
7535424,2010-01-16 12:30:00,1855,5967,$-409.00,Swipe Transaction,7777,Maple Valley,WA,98038.0,3684,,-409.0,-1,True
7532834,2010-01-15 16:51:00,1568,3000,$407.00,Swipe Transaction,52923,Oneonta,NY,13820.0,3504,,407.0,-1,True
7574470,2010-01-26 11:26:00,821,5880,$804.16,Swipe Transaction,60152,Houston,TX,77015.0,3000,,804.16,-1,True
7491893,2010-01-05 08:58:00,706,4284,$841.10,Swipe Transaction,60152,Atwater,CA,95301.0,3000,,841.1,-1,True
7544915,2010-01-18 18:23:00,1288,1013,$-395.00,Swipe Transaction,57133,Waianae,HI,96792.0,3730,,-395.0,-1,True
7492617,2010-01-05 11:31:00,843,184,$-254.00,Swipe Transaction,39991,Lincoln Park,MI,48146.0,3771,,-254.0,-1,True
7478073,2010-01-01 15:35:00,115,38,$-260.00,Swipe Transaction,92822,Highland,WI,53543.0,3395,,-260.0,-1,True
7480201,2010-01-02 08:43:00,1856,257,$505.46,Swipe Transaction,99161,Fayetteville,NC,28312.0,8021,,505.46,-1,True
7570568,2010-01-25 12:04:00,4,3413,$729.82,Swipe Transaction,97028,Seattle,WA,98122.0,5300,,729.82,-1,True
7567525,2010-01-24 15:35:00,1002,1149,$480.00,Swipe Transaction,7777,Gilroy,CA,95020.0,3684,,480.0,-1,True
7499805,2010-01-07 08:26:00,457,4222,$-353.00,Online Transaction,90999,ONLINE,,,4722,,-353.0,-1,True
7555984,2010-01-21 14:35:00,1996,4744,$757.41,Swipe Transaction,29742,New Braunfels,TX,78132.0,3256,,757.41,-1,True
7520549,2010-01-12 13:24:00,377,3906,$-323.00,Swipe Transaction,51300,Rhinelander,WI,54501.0,3359,,-323.0,-1,True
7547522,2010-01-19 12:44:00,38,2526,$628.29,Swipe Transaction,95676,Alvaton,KY,42122.0,3144,,628.29,-1,True
7590450,2010-01-30 13:43:00,1080,2562,$469.38,Swipe Transaction,57386,Centerville,GA,31028.0,3132,,469.38,-1,True
7526423,2010-01-14 04:59:00,1356,4752,$455.00,Swipe Transaction,52923,Tapei,Taiwan,,3504,,455.0,-1,True
7522065,2010-01-12 21:35:00,332,5816,$1002.76,Swipe Transaction,7257,Indianapolis,IN,46268.0,3260,,1002.76,-1,True
7582713,2010-01-28 12:02:00,1797,1127,$455.37,Swipe Transaction,44795,Anchorage,AK,99504.0,3780,,455.37,-1,True
7555745,2010-01-21 13:44:00,1495,2922,$992.42,Swipe Transaction,68977,New Albany,IN,47150.0,3174,,992.42,-1,True
7580532,2010-01-27 20:26:00,1797,1127,$413.26,Swipe Transaction,57133,Waianae,HI,96792.0,3730,,413.26,-1,True
7502030,2010-01-07 16:43:00,165,2559,$495.99,Swipe Transaction,60569,Morgan Hill,CA,95037.0,5300,,495.99,-1,True
7485906,2010-01-03 15:53:00,1088,4574,$428.52,Swipe Transaction,24303,Charleston,SC,29403.0,8111,,428.52,-1,True
7532585,2010-01-15 15:48:00,1176,5003,$-404.00,Online Transaction,90999,ONLINE,,,4722,,-404.0,-1,True
7526048,2010-01-13 21:37:00,28,2568,$466.61,Swipe Transaction,69956,Woodbridge,VA,22191.0,5310,,466.61,-1,True
7574861,2010-01-26 12:43:00,630,4520,$641.56,Swipe Transaction,7257,Tallahassee,FL,32310.0,3260,,641.56,-1,True
7561359,2010-01-23 06:59:00,1529,4985,$-265.00,Swipe Transaction,78644,Las Vegas,NV,89148.0,3775,,-265.0,-1,True
7537513,2010-01-17 01:05:00,989,2938,$578.88,Swipe Transaction,31883,Atlantic City,NJ,8401.0,7995,,578.88,-1,True
7494999,2010-01-06 02:22:00,1797,1127,$-269.00,Online Transaction,90999,ONLINE,,,4722,,-269.0,-1,True
7592356,2010-01-31 04:53:00,906,2409,$671.58,Swipe Transaction,57386,Phoenix,AZ,85008.0,3132,,671.58,-1,True
7507686,2010-01-09 10:07:00,989,4124,$-470.00,Swipe Transaction,59474,Austin,TX,78748.0,3722,,-470.0,-1,True
7543267,2010-01-18 11:42:00,274,2841,$576.81,Swipe Transaction,46833,Washington,DC,20011.0,7531,,576.81,-1,True
7594677,2010-01-31 14:06:00,1809,5830,$-422.00,Swipe Transaction,49637,Orlando,FL,32812.0,3509,,-422.0,-1,True
7524891,2010-01-13 14:44:00,1976,1171,$453.42,Swipe Transaction,55555,Hampstead,MD,21074.0,5712,,453.42,-1,True
7588557,2010-01-30 01:18:00,989,2938,$445.46,Swipe Transaction,6699,Chantilly,VA,20152.0,7995,,445.46,-1,True
7566814,2010-01-24 12:59:00,1211,5392,$784.60,Swipe Transaction,94840,Memphis,TN,38134.0,8111,,784.6,-1,True
7554052,2010-01-21 07:48:00,751,5552,$906.42,Swipe Transaction,57386,Sherman,TX,75090.0,3132,,906.42,-1,True
7536736,2010-01-16 18:06:00,804,1071,$-406.00,Swipe Transaction,41794,Palm Beach,FL,33480.0,7011,,-406.0,-1,True
7564091,2010-01-23 19:30:00,1168,3239,$487.91,Online Transaction,70129,ONLINE,,,7801,,487.91,-1,True
7536668,2010-01-16 17:39:00,1067,3382,$-492.00,Swipe Transaction,44795,Anchorage,AK,99504.0,3780,,-492.0,-1,True
7589683,2010-01-30 10:47:00,557,5570,$-409.00,Swipe Transaction,7777,Devine,TX,78016.0,3684,,-409.0,-1,True
7586806,2010-01-29 13:37:00,629,124,$473.67,Swipe Transaction,94659,Ellicott City,MD,21043.0,7995,,473.67,-1,True
7514060,2010-01-10 21:26:00,944,2828,$-323.00,Swipe Transaction,39991,Lincoln Park,MI,48146.0,3771,,-323.0,-1,True
7506441,2010-01-08 22:32:00,1877,5449,$-263.00,Swipe Transaction,71883,Oak Harbor,WA,98277.0,3405,,-263.0,-1,True
7501150,2010-01-07 13:20:00,52,4976,$513.06,Swipe Transaction,85600,Rochester,NY,14626.0,3066,,513.06,-1,True
7536001,2010-01-16 14:48:00,1317,5790,$-314.00,Swipe Transaction,7777,Mission,TX,78572.0,3684,,-314.0,-1,True
7563282,2010-01-23 15:22:00,401,3004,$-358.00,Swipe Transaction,51300,Vail,CO,81658.0,3359,,-358.0,-1,True
7581433,2010-01-28 07:18:00,231,2474,$803.78,Swipe Transaction,85600,Robbinsville,NC,28771.0,3066,,803.78,-1,True
7547610,2010-01-19 13:04:00,112,1134,$594.21,Swipe Transaction,29742,Coraopolis,PA,15108.0,3256,,594.21,-1,True
7535557,2010-01-16 13:00:00,1142,4217,$517.00,Swipe Transaction,32858,Auburn,NH,3032.0,5311,,517.0,-1,True
7594444,2010-01-31 13:16:00,1600,4251,$493.00,Swipe Transaction,39991,Lincoln Park,MI,48146.0,3771,,493.0,-1,True
7564586,2010-01-23 23:26:00,931,5847,$457.89,Swipe Transaction,52923,Beijing,China,,3504,,457.89,-1,True
7519131,2010-01-12 08:24:00,1181,5824,$593.18,Swipe Transaction,52703,Denver,NC,28037.0,5733,,593.18,-1,True
7568049,2010-01-24 18:04:00,1140,2845,$-364.00,Swipe Transaction,71883,Opelousas,LA,70570.0,3405,,-364.0,-1,True
7500422,2010-01-07 10:45:00,39,2039,$430.00,Swipe Transaction,15426,Anaheim,CA,92804.0,3390,,430.0,-1,True
7562042,2010-01-23 10:22:00,13,2109,$-481.00,Swipe Transaction,71883,Louisville,KY,40207.0,3405,,-481.0,-1,True
7583358,2010-01-28 14:21:00,884,4748,$519.66,Swipe Transaction,26516,Grand Rapids,MI,49548.0,5533,,519.66,-1,True
7572800,2010-01-26 01:15:00,989,2938,$407.20,Online Transaction,23446,ONLINE,,,7801,,407.2,-1,True
7496427,2010-01-06 10:44:00,1487,4946,$504.82,Swipe Transaction,7777,Waynesboro,PA,17268.0,3684,,504.82,-1,True
7479513,2010-01-02 01:37:00,376,4704,$800.45,Swipe Transaction,22792,Hauppauge,NY,11788.0,8062,,800.45,-1,True
7502509,2010-01-07 19:44:00,825,42,$517.42,Online Transaction,27350,ONLINE,,,6300,,517.42,-1,True
7482967,2010-01-02 22:50:00,1324,4959,$829.88,Swipe Transaction,85600,Vicksburg,MS,39180.0,3066,,829.88,-1,True
7544789,2010-01-18 17:28:00,1066,1126,$523.15,Online Transaction,43531,ONLINE,,,6300,,523.15,-1,True
7552497,2010-01-20 16:46:00,845,5943,$734.55,Swipe Transaction,7257,Titusville,FL,32796.0,3260,,734.55,-1,True
7502747,2010-01-07 21:44:00,1507,5589,$866.69,Swipe Transaction,45045,Saint Peters,MO,63376.0,8062,,866.69,-1,True
7509733,2010-01-09 19:21:00,727,4295,$-288.00,Swipe Transaction,78644,Las Vegas,NV,89148.0,3775,,-288.0,-1,True
7537051,2010-01-16 20:26:00,1686,2617,$-328.00,Swipe Transaction,78644,Las Vegas,NV,89148.0,3775,,-328.0,-1,True
7531141,2010-01-15 09:38:00,494,3273,$833.32,Swipe Transaction,29742,Baltimore,MD,21223.0,3256,,833.32,-1,True
7493602,2010-01-05 15:01:00,64,5429,$468.04,Swipe Transaction,94191,Ocoee,FL,34761.0,7011,,468.04,-1,True
7564459,2010-01-23 22:13:00,724,2876,$-494.00,Swipe Transaction,59474,Mount Vernon,IL,62864.0,3722,,-494.0,-1,True
7564337,2010-01-23 21:17:00,138,2807,$413.07,Swipe Transaction,70454,Marion Center,PA,15759.0,8011,,413.07,-1,True
7509501,2010-01-09 17:35:00,571,5960,$692.80,Swipe Transaction,38489,Mount Airy,NC,27030.0,3058,,692.8,-1,True
7552500,2010-01-20 16:46:00,1880,3757,$773.58,Swipe Transaction,57386,Appleton,WI,54915.0,3132,,773.58,-1,True
7508721,2010-01-09 14:18:00,1852,2477,$-321.00,Swipe Transaction,44795,Anchorage,AK,99504.0,3780,,-321.0,-1,True
7497141,2010-01-06 13:06:00,1497,3655,$-467.00,Swipe Transaction,15574,Anchorage,AK,99517.0,3393,,-467.0,-1,True
7547905,2010-01-19 14:07:00,350,2865,$411.00,Swipe Transaction,44795,Marysville,OH,43040.0,3780,,411.0,-1,True
7589129,2010-01-30 08:12:00,1201,16,$1122.33,Swipe Transaction,7257,Bangor,ME,4402.0,3260,,1122.33,-1,True
7477618,2010-01-01 13:37:00,629,124,$502.83,Swipe Transaction,94659,Ellicott City,MD,21043.0,7995,,502.83,-1,True
7494925,2010-01-05 23:53:00,1888,1017,$410.00,Swipe Transaction,52923,Berkeley,CA,94702.0,3504,,410.0,-1,True
7514034,2010-01-10 21:13:00,1727,5982,$418.00,Swipe Transaction,49637,Brownsville,TX,78520.0,3509,,418.0,-1,True
7518270,2010-01-11 23:33:00,362,5474,$-381.00,Swipe Transaction,71883,Rochester,MN,55902.0,3405,,-381.0,-1,True
7480766,2010-01-02 11:12:00,1498,2232,$1037.26,Swipe Transaction,49814,Williamstown,NJ,8094.0,8111,,1037.26,-1,True
7551548,2010-01-20 13:06:00,696,2488,$541.28,Online Transaction,84554,ONLINE,,,7801,,541.28,-1,True
7568740,2010-01-25 01:32:00,1916,2395,$757.66,Swipe Transaction,47203,Louisville,AL,36048.0,3008,,757.66,-1,True
7537097,2010-01-16 20:41:00,1356,4752,$-455.00,Swipe Transaction,52923,Tapei,Taiwan,,3504,,-455.0,-1,True
7591698,2010-01-30 19:36:00,410,4954,$-432.00,Swipe Transaction,7777,Paris,France,,3684,,-432.0,-1,True
7586738,2010-01-29 13:21:00,369,2443,$445.92,Swipe Transaction,7980,Louisville,KY,40299.0,8111,,445.92,-1,True
7532837,2010-01-15 16:52:00,1605,3231,$414.00,Swipe Transaction,41523,Miami,FL,33196.0,3387,,414.0,-1,True
7593100,2010-01-31 08:36:00,229,5942,$438.13,Online Transaction,76210,ONLINE,,,5732,,438.13,-1,True
7509821,2010-01-09 20:10:00,122,2134,$-293.00,Online Transaction,52073,ONLINE,,,4722,,-293.0,-1,True
7559626,2010-01-22 15:03:00,764,3727,$448.00,Swipe Transaction,44795,Sycamore,IL,60178.0,3780,,448.0,-1,True
7477401,2010-01-01 12:55:00,810,4309,$663.40,Swipe Transaction,57386,Lexington,KY,40502.0,3132,,663.4,-1,True
7491537,2010-01-05 07:38:00,273,5777,$552.75,Swipe Transaction,59592,Hubbard,OH,44425.0,8111,,552.75,-1,True
7574002,2010-01-26 09:49:00,1495,2099,$-293.00,Swipe Transaction,15574,Colbert,WA,99005.0,3393,,-293.0,-1,True
7519041,2010-01-12 08:00:00,377,3906,$-480.00,Swipe Transaction,49637,Rhinelander,WI,54501.0,3509,,-480.0,-1,True
7584802,2010-01-28 22:31:00,64,5429,$491.00,Swipe Transaction,3558,Chino Hills,CA,91709.0,3640,,491.0,-1,True
7525996,2010-01-13 21:05:00,888,5377,$-491.00,Swipe Transaction,59474,Grand Prairie,TX,75052.0,3722,,-491.0,-1,True
7512652,2010-01-10 13:47:00,1664,5147,$995.33,Online Transaction,13348,ONLINE,,,4722,,995.33,-1,True
7591173,2010-01-30 16:29:00,704,2168,$-314.00,Swipe Transaction,57133,Waianae,HI,96792.0,3730,,-314.0,-1,True
7487841,2010-01-04 08:24:00,944,5550,$1459.48,Online Transaction,6063,ONLINE,,,4511,,1459.48,-1,True
7559541,2010-01-22 14:43:00,61,2622,$487.00,Swipe Transaction,78644,Las Vegas,NV,89148.0,3775,,487.0,-1,True
7491915,2010-01-05 09:04:00,386,3673,$425.00,Swipe Transaction,59474,Lynn,MA,1904.0,3722,,425.0,-1,True
7483294,2010-01-03 06:17:00,1642,4281,$713.75,Swipe Transaction,87093,Lavallette,NJ,8735.0,8111,,713.75,-1,True
7535899,2010-01-16 14:25:00,1128,4548,$-486.00,Swipe Transaction,39991,Lincoln Park,MI,48146.0,3771,,-486.0,-1,True
7530034,2010-01-14 21:52:00,1598,3889,$452.00,Swipe Transaction,92822,Atlanta,GA,30341.0,3395,,452.0,-1,True
7504641,2010-01-08 13:01:00,1209,4573,$548.24,Swipe Transaction,4269,Yonkers,NY,10710.0,8111,,548.24,-1,True
7555521,2010-01-21 12:59:00,1078,225,$628.52,Swipe Transaction,64688,Hudson,IL,61748.0,8111,,628.52,-1,True
7499115,2010-01-07 04:51:00,127,988,$507.28,Swipe Transaction,94531,Geneva,AL,36340.0,8062,,507.28,-1,True
7583074,2010-01-28 13:17:00,461,5482,$-338.00,Swipe Transaction,49637,Alexandria,IN,46001.0,3509,,-338.0,-1,True
7530268,2010-01-15 01:28:00,989,4124,$424.68,Online Transaction,38958,ONLINE,,,7801,,424.68,-1,True
7527634,2010-01-14 10:27:00,252,3675,$871.45,Swipe Transaction,22792,Seymour,IN,47274.0,8062,,871.45,-1,True
7564206,2010-01-23 20:24:00,32,3850,$-364.00,Swipe Transaction,92822,Orlando,FL,32808.0,3395,,-364.0,-1,True
7568059,2010-01-24 18:12:00,1693,5940,$471.58,Swipe Transaction,96743,Scottsdale,AZ,85260.0,6300,,471.58,-1,True
7558697,2010-01-22 11:16:00,1807,2823,$479.38,Swipe Transaction,6782,Bronx,NY,10463.0,6300,,479.38,-1,True
7494265,2010-01-05 18:05:00,764,3727,$683.29,Swipe Transaction,22792,Birmingham,AL,35215.0,8062,,683.29,-1,True
7523731,2010-01-13 10:45:00,461,5482,$444.00,Swipe Transaction,16790,Canton,MI,48188.0,3389,,444.0,-1,True
7564354,2010-01-23 21:27:00,764,3727,$-448.00,Swipe Transaction,44795,Sycamore,IL,60178.0,3780,,-448.0,-1,True
7557834,2010-01-22 07:05:00,738,5774,$1034.46,Swipe Transaction,80189,Greeley,CO,80634.0,8062,,1034.46,-1,True
7511079,2010-01-10 08:18:00,152,2848,$408.89,Online Transaction,36495,ONLINE,,,6300,,408.89,-1,True
7564495,2010-01-23 22:25:00,1470,3392,$-437.00,Swipe Transaction,78644,Las Vegas,NV,89148.0,3775,,-437.0,-1,True
7550007,2010-01-20 07:34:00,1915,4116,$-268.00,Swipe Transaction,52923,Texarkana,TX,75503.0,3504,,-268.0,-1,True
7592133,2010-01-30 22:53:00,73,4713,$-399.00,Swipe Transaction,51300,Springfield,AR,72157.0,3359,,-399.0,-1,True
7494913,2010-01-05 23:23:00,1843,5834,$-387.00,Online Transaction,13348,ONLINE,,,4722,,-387.0,-1,True
7502495,2010-01-07 19:36:00,1898,5122,$-462.00,Swipe Transaction,3558,Clarksville,TN,37042.0,3640,,-462.0,-1,True
7533783,2010-01-16 01:40:00,1238,1195,$-394.00,Swipe Transaction,39991,Lincoln Park,MI,48146.0,3771,,-394.0,-1,True
7479579,2010-01-02 04:06:00,1031,4714,$843.96,Swipe Transaction,22792,Los Angeles,CA,90032.0,8062,,843.96,-1,True
7581955,2010-01-28 09:12:00,704,2945,$-252.00,Swipe Transaction,52923,Shanghai,China,,3504,,-252.0,-1,True
7498366,2010-01-06 18:34:00,961,4584,$424.24,Swipe Transaction,60152,Land O Lakes,FL,34638.0,3000,,424.24,-1,True
7497859,2010-01-06 15:50:00,393,5873,$-374.00,Swipe Transaction,3558,Bloomfield,CT,6002.0,3640,,-374.0,-1,True
7512456,2010-01-10 13:04:00,369,2443,$1150.23,Swipe Transaction,7980,Louisville,KY,40299.0,8111,,1150.23,-1,True
7569877,2010-01-25 09:28:00,1799,5909,$-408.00,Swipe Transaction,3558,Berlin,Germany,,3640,,-408.0,-1,True
7479295,2010-01-01 22:22:00,300,3814,$-445.00,Swipe Transaction,78644,Las Vegas,NV,89148.0,3775,,-445.0,-1,True
7490341,2010-01-04 18:14:00,178,4214,$-456.00,Online Transaction,52073,ONLINE,,,4722,,-456.0,-1,True
7529207,2010-01-14 16:22:00,1591,5919,$1156.34,Swipe Transaction,7257,Hoonah,AK,99829.0,3260,,1156.34,-1,True
7581697,2010-01-28 08:17:00,100,2571,$1294.74,Swipe Transaction,38489,Wilmington,NC,28403.0,3058,,1294.74,-1,True
7592246,2010-01-31 01:46:00,1594,3241,$-304.00,Swipe Transaction,3558,Hawthorne,CA,90250.0,3640,,-304.0,-1,True
7512398,2010-01-10 12:52:00,1203,3429,$-403.00,Swipe Transaction,49637,Schenectady,NY,12306.0,3509,,-403.0,-1,True
7562230,2010-01-23 11:11:00,801,5772,$-493.00,Swipe Transaction,57133,Waianae,HI,96792.0,3730,,-493.0,-1,True
7535769,2010-01-16 13:57:00,369,2443,$928.69,Swipe Transaction,7980,Louisville,KY,40299.0,8111,,928.69,-1,True
7593786,2010-01-31 10:57:00,1619,5111,$-324.00,Swipe Transaction,52923,Athens,Greece,,3504,,-324.0,-1,True
7498009,2010-01-06 16:26:00,205,2861,$808.89,Online Transaction,70268,ONLINE,,,4722,,808.89,-1,True
7478369,2010-01-01 16:45:00,122,3794,$-310.00,Swipe Transaction,15426,Orlando,FL,32825.0,3390,,-310.0,-1,True
7590983,2010-01-30 15:46:00,795,5162,$529.02,Swipe Transaction,69956,Dallas,TX,75208.0,5310,,529.02,-1,True
7488247,2010-01-04 09:53:00,172,1232,$703.85,Swipe Transaction,85600,Meredosia,IL,62665.0,3066,,703.85,-1,True
7535614,2010-01-16 13:14:00,190,2496,$495.00,Swipe Transaction,39991,Lincoln Park,MI,48146.0,3771,,495.0,-1,True
7531530,2010-01-15 11:23:00,1989,3800,$484.17,Swipe Transaction,81222,Upper Marlboro,MD,20774.0,7995,,484.17,-1,True
7479322,2010-01-01 22:31:00,837,160,$-364.00,Swipe Transaction,44795,Marysville,OH,43040.0,3780,,-364.0,-1,True
7556755,2010-01-21 17:47:00,668,3758,$493.00,Swipe Transaction,7777,Berlin,Germany,,3684,,493.0,-1,True
7559808,2010-01-22 15:47:00,961,4584,$-368.00,Swipe Transaction,16790,San Juan,TX,78589.0,3389,,-368.0,-1,True
7502209,2010-01-07 17:41:00,27,2417,$427.09,Swipe Transaction,47165,Brandon,MS,39042.0,8111,,427.09,-1,True
7521993,2010-01-12 21:02:00,1048,2542,$1014.41,Online Transaction,9026,ONLINE,,,4411,,1014.41,-1,True
7475397,2010-01-01 01:48:00,989,4124,$541.29,Swipe Transaction,40475,Arlington Heights,IL,60005.0,7802,,541.29,-1,True
7563497,2010-01-23 16:15:00,246,2525,$462.77,Swipe Transaction,39991,Lincoln Park,MI,48146.0,3771,,462.77,-1,True
7564590,2010-01-23 23:34:00,782,4169,$465.00,Swipe Transaction,78644,Las Vegas,NV,89148.0,3775,,465.0,-1,True
7522359,2010-01-13 02:14:00,1512,2582,$491.00,Swipe Transaction,62620,Saint Stephen,SC,29479.0,7011,,491.0,-1,True
7547244,2010-01-19 11:40:00,848,5423,$665.49,Swipe Transaction,79111,Harwood,MD,20776.0,5300,,665.49,-1,True
7584115,2010-01-28 17:14:00,696,39,$-336.00,Swipe Transaction,41523,Miami,FL,33196.0,3387,,-336.0,-1,True
7494432,2010-01-05 19:13:00,957,5042,$801.39,Online Transaction,43531,ONLINE,,,6300,,801.39,-1,True
7508756,2010-01-09 14:29:00,44,5748,$-489.00,Swipe Transaction,15574,Melbourne,FL,32901.0,3393,,-489.0,-1,True
7493723,2010-01-05 15:28:00,231,4221,$-465.00,Swipe Transaction,7777,Kalamazoo,MI,49004.0,3684,,-465.0,-1,True
7550884,2010-01-20 10:45:00,1403,5976,$551.68,Swipe Transaction,85600,Gloucester,VA,23061.0,3066,,551.68,-1,True
7521500,2010-01-12 17:10:00,13,2941,$-494.00,Swipe Transaction,39991,Lincoln Park,MI,48146.0,3771,,-494.0,-1,True
7489782,2010-01-04 15:32:00,1694,5944,$1370.45,Swipe Transaction,68977,Lake Hiawatha,NJ,7034.0,3174,,1370.45,-1,True
7557243,2010-01-21 21:33:00,724,2876,$494.00,Swipe Transaction,59474,Mount Vernon,IL,62864.0,3722,,494.0,-1,True
7514078,2010-01-10 21:31:00,1083,5173,$-293.00,Swipe Transaction,78644,Las Vegas,NV,89148.0,3775,,-293.0,-1,True
7512914,2010-01-10 14:45:00,924,2210,$417.11,Swipe Transaction,96992,Lapel,IN,46051.0,8111,,417.11,-1,True
7571160,2010-01-25 13:58:00,1799,5909,$-435.00,Online Transaction,52073,ONLINE,,,4722,,-435.0,-1,True
7564157,2010-01-23 19:58:00,708,5165,$810.34,Online Transaction,70268,ONLINE,,,4722,,810.34,-1,True
7556795,2010-01-21 18:07:00,1223,1042,$458.31,Swipe Transaction,78644,Las Vegas,NV,89148.0,3775,,458.31,-1,True
7494970,2010-01-06 01:34:00,1797,1127,$-373.00,Swipe Transaction,49637,Kaneohe,HI,96744.0,3509,,-373.0,-1,True
7558204,2010-01-22 08:56:00,1615,5473,$501.91,Swipe Transaction,26410,Dearborn,MI,48124.0,6300,,501.91,-1,True
7553405,2010-01-21 00:23:00,1041,2500,$961.31,Swipe Transaction,68977,Augusta,GA,30906.0,3174,,961.31,-1,True
7478137,2010-01-01 15:51:00,1147,2042,$-413.00,Swipe Transaction,16790,Houston,TX,77060.0,3389,,-413.0,-1,True
7555564,2010-01-21 13:08:00,696,2488,$702.44,Online Transaction,52100,ONLINE,,,7801,,702.44,-1,True
7502085,2010-01-07 16:55:00,1731,34,$602.75,Swipe Transaction,85600,Riverside,CA,92509.0,3066,,602.75,-1,True
7555547,2010-01-21 13:04:00,199,1031,$1138.93,Swipe Transaction,5594,Dallas,TX,75206.0,3001,,1138.93,-1,True
7566771,2010-01-24 12:49:00,1788,2538,$587.22,Swipe Transaction,72192,Raceland,LA,70394.0,8111,,587.22,-1,True
7496739,2010-01-06 11:51:00,1959,89,$782.78,Online Transaction,70268,ONLINE,,,4722,,782.78,-1,True
7541185,2010-01-17 20:37:00,1133,2586,$-395.00,Swipe Transaction,52923,Taylor,TX,76574.0,3504,,-395.0,-1,True
7590342,2010-01-30 13:18:00,933,2523,$911.67,Swipe Transaction,60152,Roland,OK,74954.0,3000,,911.67,-1,True
7565401,2010-01-24 08:00:00,1610,5879,$-261.00,Swipe Transaction,15574,Saint Martinville,LA,70582.0,3393,,-261.0,-1,True
7479495,2010-01-02 01:04:00,989,2511,$411.79,Online Transaction,70129,ONLINE,,,7801,,411.79,-1,True
7528470,2010-01-14 13:26:00,696,2488,$758.09,Swipe Transaction,47662,Miami,FL,33184.0,7995,,758.09,-1,True
7502605,2010-01-07 20:29:00,299,223,$468.00,Online Transaction,90999,ONLINE,,,4722,,468.0,-1,True
7533816,2010-01-16 02:31:00,1209,3693,$-350.00,Swipe Transaction,16790,Spring Valley,NY,10977.0,3389,,-350.0,-1,True
7580434,2010-01-27 19:40:00,1895,2119,$-277.00,Swipe Transaction,74934,Oakland,CA,94606.0,3596,,-277.0,-1,True
7508341,2010-01-09 12:43:00,145,5521,$-436.00,Swipe Transaction,41523,Clearwater,FL,33756.0,3387,,-436.0,-1,True
7588635,2010-01-30 04:07:00,1606,2790,$-433.00,Swipe Transaction,74934,Oakland,CA,94606.0,3596,,-433.0,-1,True
7584950,2010-01-29 01:29:00,1498,2232,$-484.00,Swipe Transaction,39991,Lincoln Park,MI,48146.0,3771,,-484.0,-1,True
7516758,2010-01-11 14:15:00,1238,1195,$1329.34,Swipe Transaction,67570,Arlington,VA,22204.0,5311,,1329.34,-1,True
7576544,2010-01-26 20:36:00,1559,2920,$665.94,Swipe Transaction,5594,Casselberry,FL,32707.0,3001,,665.94,-1,True
7498387,2010-01-06 18:43:00,393,5873,$-433.00,Swipe Transaction,41523,Essex Junction,VT,5452.0,3387,,-433.0,-1,True
7482945,2010-01-02 22:42:00,285,2927,$426.00,Swipe Transaction,41523,Apex,NC,27502.0,3387,,426.0,-1,True
7530513,2010-01-15 06:39:00,1678,5921,$625.31,Swipe Transaction,44885,Wethersfield,CT,6109.0,5300,,625.31,-1,True
7533803,2010-01-16 02:09:00,379,2019,$1198.09,Online Transaction,47225,ONLINE,,,4411,,1198.09,-1,True
7583955,2010-01-28 16:32:00,380,5838,$658.70,Swipe Transaction,5594,Hudson,WI,54016.0,3001,,658.7,-1,True
7576438,2010-01-26 19:42:00,1888,1017,$-410.00,Swipe Transaction,52923,Berkeley,CA,94702.0,3504,,-410.0,-1,True
7509152,2010-01-09 16:00:00,1997,5786,$643.57,Swipe Transaction,4701,Hopkins,MN,55305.0,5310,,643.57,-1,True
7502233,2010-01-07 17:49:00,153,1028,$-316.00,Swipe Transaction,66680,Shreveport,LA,71129.0,7011,,-316.0,-1,True
7509690,2010-01-09 19:04:00,1917,5556,$412.34,Swipe Transaction,58127,Rocky Point,NY,11778.0,7995,,412.34,-1,True
7539705,2010-01-17 13:07:00,696,2488,$518.29,Swipe Transaction,42636,Hallandale,FL,33009.0,7802,,518.29,-1,True
7511406,2010-01-10 09:25:00,408,4960,$-297.00,Swipe Transaction,77531,Durand,WI,54736.0,7011,,-297.0,-1,True
7559421,2010-01-22 14:14:00,1058,1102,$421.13,Swipe Transaction,76776,Charlotte,TN,37036.0,7538,,421.13,-1,True
7501955,2010-01-07 16:28:00,989,4124,$470.00,Swipe Transaction,59474,Austin,TX,78748.0,3722,,470.0,-1,True
7505319,2010-01-08 15:41:00,719,5518,$691.00,Swipe Transaction,60152,Eureka,IL,61530.0,3000,,691.0,-1,True
7521924,2010-01-12 20:25:00,957,5042,$734.23,Online Transaction,43422,ONLINE,,,6300,,734.23,-1,True
7508285,2010-01-09 12:26:00,476,1070,$-391.00,Swipe Transaction,57133,Waianae,HI,96792.0,3730,,-391.0,-1,True
7509003,2010-01-09 15:23:00,1666,993,$-271.00,Swipe Transaction,16790,Philadelphia,PA,19136.0,3389,,-271.0,-1,True
7500013,2010-01-07 09:12:00,479,2186,$-425.00,Online Transaction,70268,ONLINE,,,4722,,-425.0,-1,True
7562409,2010-01-23 11:50:00,1997,5786,$592.14,Swipe Transaction,55555,Silver Lake,MN,55381.0,5712,,592.14,-1,True
7535710,2010-01-16 13:39:00,556,2,$-389.00,Swipe Transaction,39991,Lincoln Park,MI,48146.0,3771,,-389.0,-1,True
7592489,2010-01-31 06:14:00,1988,2161,$596.98,Swipe Transaction,42101,Miami,FL,33156.0,7549,,596.98,-1,True
7545127,2010-01-18 19:56:00,386,3673,$414.69,Swipe Transaction,6990,Worcester,MA,1602.0,6300,,414.69,-1,True
7571097,2010-01-25 13:45:00,1908,5945,$423.79,Online Transaction,36495,ONLINE,,,6300,,423.79,-1,True
7572284,2010-01-25 19:22:00,491,2483,$497.37,Swipe Transaction,7257,Beaufort,SC,29906.0,3260,,497.37,-1,True
7496479,2010-01-06 10:54:00,1487,4946,$-277.00,Swipe Transaction,7777,Waynesboro,PA,17268.0,3684,,-277.0,-1,True
7547189,2010-01-19 11:28:00,1267,44,$544.61,Swipe Transaction,51356,Edmonds,WA,98026.0,8111,,544.61,-1,True
7564216,2010-01-23 20:26:00,1528,4315,$-393.00,Swipe Transaction,57133,Waianae,HI,96792.0,3730,,-393.0,-1,True
7588305,2010-01-29 21:47:00,61,2622,$-486.00,Online Transaction,13348,ONLINE,,,4722,,-486.0,-1,True
7509028,2010-01-09 15:30:00,1258,5951,$-498.00,Online Transaction,90999,ONLINE,,,4722,,-498.0,-1,True
7518241,2010-01-11 22:54:00,1140,2845,$420.00,Swipe Transaction,74934,Oakland,CA,94606.0,3596,,420.0,-1,True
7526359,2010-01-14 02:50:00,719,5518,$-264.00,Swipe Transaction,92822,Eagle,ID,83616.0,3395,,-264.0,-1,True
7584890,2010-01-28 23:45:00,4,3413,$932.00,Online Transaction,6063,ONLINE,,,4511,,932.0,-1,True
7502443,2010-01-07 19:16:00,153,107,$-293.00,Online Transaction,13348,ONLINE,,,4722,,-293.0,-1,True
7476629,2010-01-01 10:19:00,676,3910,$-393.00,Swipe Transaction,52923,Oklahoma City,OK,73119.0,3504,,-393.0,-1,True
7535606,2010-01-16 13:10:00,1258,3901,$-500.00,Swipe Transaction,39991,Lincoln Park,MI,48146.0,3771,,-500.0,-1,True
7576289,2010-01-26 18:40:00,1976,1171,$462.00,Swipe Transaction,16790,Pikesville,MD,21208.0,3389,,462.0,-1,True
7576955,2010-01-27 01:50:00,33,5120,$-249.00,Swipe Transaction,74934,Oakland,CA,94606.0,3596,,-249.0,-1,True
7502469,2010-01-07 19:26:00,126,5497,$-339.00,Online Transaction,3558,ONLINE,,,3640,,-339.0,-1,True
7505508,2010-01-08 16:22:00,1977,5366,$-459.00,Swipe Transaction,49637,Crothersville,IN,47229.0,3509,,-459.0,-1,True
7508083,2010-01-09 11:41:00,1478,1237,$1355.50,Swipe Transaction,85600,Westwood,CA,96137.0,3066,,1355.5,-1,True
7502723,2010-01-07 21:33:00,1430,2074,$1074.56,Swipe Transaction,85600,Davenport,IA,52803.0,3066,,1074.56,-1,True
7509755,2010-01-09 19:32:00,1088,4574,$-377.00,Swipe Transaction,59474,Georgetown,SC,29440.0,3722,,-377.0,-1,True
7571155,2010-01-25 13:58:00,1238,1195,$1639.21,Swipe Transaction,6134,Arlington,VA,22203.0,5300,,1639.21,-1,True
7507455,2010-01-09 09:07:00,1086,2947,$444.91,Swipe Transaction,22792,Hauppauge,NY,11788.0,8062,,444.91,-1,True
7579173,2010-01-27 13:24:00,696,4207,$607.96,Swipe Transaction,47662,Miami,FL,33184.0,7995,,607.96,-1,True
7589583,2010-01-30 10:19:00,1404,4555,$-464.00,Swipe Transaction,49637,Carriere,MS,39426.0,3509,,-464.0,-1,True
7577156,2010-01-27 06:13:00,549,2588,$644.15,Swipe Transaction,5594,Bosque Farms,NM,87068.0,3001,,644.15,-1,True
7579277,2010-01-27 13:44:00,457,3751,$453.00,Swipe Transaction,7777,Jacksonville,FL,32257.0,3684,,453.0,-1,True
7524571,2010-01-13 13:33:00,696,2488,$516.13,Swipe Transaction,31883,Atlantic City,NJ,8401.0,7995,,516.13,-1,True
7574509,2010-01-26 11:35:00,1028,139,$575.49,Online Transaction,45453,ONLINE,,,6300,,575.49,-1,True
7554110,2010-01-21 07:59:00,1692,5371,$725.85,Swipe Transaction,55555,Larchmont,NY,10538.0,5712,,725.85,-1,True
7591540,2010-01-30 18:36:00,1164,5757,$-261.00,Swipe Transaction,59474,Coachella,CA,92236.0,3722,,-261.0,-1,True
7476584,2010-01-01 10:10:00,1221,4693,$-333.00,Swipe Transaction,39991,Lincoln Park,MI,48146.0,3771,,-333.0,-1,True
7581027,2010-01-28 03:07:00,96,5175,$-313.00,Swipe Transaction,59474,Warwick,NY,10990.0,3722,,-313.0,-1,True
7552531,2010-01-20 16:52:00,1194,4614,$769.96,Swipe Transaction,5594,Greenwood,MS,38930.0,3001,,769.96,-1,True
7581066,2010-01-28 04:22:00,1576,2441,$462.00,Swipe Transaction,74934,Oakland,CA,94606.0,3596,,462.0,-1,True
7568507,2010-01-24 21:44:00,177,3715,$-251.00,Swipe Transaction,17546,Mission Hills,CA,91395.0,7011,,-251.0,-1,True
7541568,2010-01-18 00:16:00,1731,2797,$-251.00,Swipe Transaction,57133,Waianae,HI,96792.0,3730,,-251.0,-1,True
7477749,2010-01-01 14:10:00,32,1087,$635.56,Swipe Transaction,7257,Hunker,PA,15639.0,3260,,635.56,-1,True
7491028,2010-01-05 03:25:00,171,1239,$1812.76,Swipe Transaction,29742,Liberty,SC,29657.0,3256,,1812.76,-1,True
7580204,2010-01-27 17:59:00,357,5481,$610.78,Swipe Transaction,57386,Provincetown,MA,2657.0,3132,,610.78,-1,True
7502141,2010-01-07 17:13:00,332,5816,$606.26,Swipe Transaction,41620,Concordia,KS,66901.0,3005,,606.26,-1,True
7535695,2010-01-16 13:34:00,629,2560,$566.81,Swipe Transaction,23626,Abingdon,MD,21009.0,7995,,566.81,-1,True
7574580,2010-01-26 11:47:00,415,3871,$441.00,Online Transaction,13348,ONLINE,,,4722,,441.0,-1,True
7592225,2010-01-31 01:09:00,810,4309,$600.40,Swipe Transaction,29742,Mc Dowell,KY,41647.0,3256,,600.4,-1,True
7482242,2010-01-02 17:19:00,1497,3655,$-490.00,Swipe Transaction,51300,Shortsville,NY,14548.0,3359,,-490.0,-1,True
7487047,2010-01-04 01:11:00,47,5080,$-325.00,Swipe Transaction,10991,Huntington,WV,25704.0,7011,,-325.0,-1,True
7517530,2010-01-11 17:17:00,985,3862,$672.14,Online Transaction,70268,ONLINE,,,4722,,672.14,-1,True
7533767,2010-01-16 01:10:00,989,2938,$481.50,Swipe Transaction,22990,Dallas,TX,75203.0,7995,,481.5,-1,True
7526336,2010-01-14 02:18:00,1258,3901,$500.00,Swipe Transaction,39991,Lincoln Park,MI,48146.0,3771,,500.0,-1,True
7501912,2010-01-07 16:16:00,1635,115,$604.54,Swipe Transaction,38489,West Hempstead,NY,11552.0,3058,,604.54,-1,True
7568227,2010-01-24 19:24:00,1286,5798,$433.76,Online Transaction,45453,ONLINE,,,6300,,433.76,-1,True
7530330,2010-01-15 03:59:00,602,4165,$-463.00,Online Transaction,90999,ONLINE,,,4722,,-463.0,-1,True
7491799,2010-01-05 08:37:00,1787,4645,$785.34,Swipe Transaction,69271,Lexington,KY,40509.0,6300,,785.34,-1,True
7541666,2010-01-18 03:09:00,1107,8,$-383.00,Online Transaction,70268,ONLINE,,,4722,,-383.0,-1,True
7587092,2010-01-29 14:47:00,1977,5366,$-304.00,Swipe Transaction,51300,Blythe,CA,92225.0,3359,,-304.0,-1,True
7561933,2010-01-23 09:52:00,1818,3418,$-380.00,Swipe Transaction,57133,Waianae,HI,96792.0,3730,,-380.0,-1,True
7522347,2010-01-13 02:04:00,363,5555,$-323.00,Swipe Transaction,89922,Vatican City,Vatican City,,7011,,-323.0,-1,True
7508903,2010-01-09 14:57:00,1666,993,$-254.00,Swipe Transaction,76637,Philadelphia,PA,19130.0,7011,,-254.0,-1,True
7564503,2010-01-23 22:30:00,110,4103,$-336.00,Swipe Transaction,3558,Williamson,NY,14589.0,3640,,-336.0,-1,True
7544617,2010-01-18 16:35:00,557,5570,$-393.00,Swipe Transaction,3558,Powell,WY,82435.0,3640,,-393.0,-1,True
7501020,2010-01-07 12:54:00,997,5046,$-369.00,Online Transaction,90999,ONLINE,,,4722,,-369.0,-1,True
7537007,2010-01-16 20:06:00,1903,2973,$-318.00,Swipe Transaction,15426,San Antonio,TX,78223.0,3390,,-318.0,-1,True
7587102,2010-01-29 14:49:00,1370,170,$411.20,Online Transaction,48267,ONLINE,,,6300,,411.2,-1,True
7588669,2010-01-30 05:09:00,203,5375,$-372.00,Swipe Transaction,78644,Las Vegas,NV,89148.0,3775,,-372.0,-1,True
7524888,2010-01-13 14:44:00,222,4636,$1988.66,Swipe Transaction,12498,Atlanta,GA,30307.0,8111,,1988.66,-1,True
7564344,2010-01-23 21:22:00,1028,2564,$596.43,Swipe Transaction,49637,Spring,TX,77379.0,3509,,596.43,-1,True
7489988,2010-01-04 16:18:00,866,3337,$1309.05,Swipe Transaction,68977,Curtis Bay,MD,21226.0,3174,,1309.05,-1,True
7479361,2010-01-01 22:44:00,1166,1222,$692.30,Swipe Transaction,85600,Goshen,OH,45122.0,3066,,692.3,-1,True
7558158,2010-01-22 08:46:00,1448,126,$-313.00,Swipe Transaction,49637,Dandridge,TN,37725.0,3509,,-313.0,-1,True
7515657,2010-01-11 10:18:00,557,5570,$-497.00,Swipe Transaction,44795,Marysville,OH,43040.0,3780,,-497.0,-1,True
7512019,2010-01-10 11:36:00,386,3673,$-425.00,Swipe Transaction,59474,Lynn,MA,1904.0,3722,,-425.0,-1,True
7503280,2010-01-08 06:53:00,1888,1169,$1362.23,Swipe Transaction,29742,Saint Francis,MN,55070.0,3256,,1362.23,-1,True
7560254,2010-01-22 18:09:00,1048,5037,$-405.00,Swipe Transaction,16790,Marble Hill,MO,63764.0,3389,,-405.0,-1,True
7509210,2010-01-09 16:14:00,122,3794,$-284.00,Swipe Transaction,39991,Lincoln Park,MI,48146.0,3771,,-284.0,-1,True
7498969,2010-01-07 00:32:00,708,5165,$567.64,Swipe Transaction,19363,New York,NY,10128.0,4112,,567.64,-1,True
7492128,2010-01-05 09:49:00,771,5005,$901.92,Online Transaction,6063,ONLINE,,,4511,,901.92,-1,True
7559001,2010-01-22 12:35:00,1048,5037,$-432.00,Swipe Transaction,39991,Lincoln Park,MI,48146.0,3771,,-432.0,-1,True
7477266,2010-01-01 12:28:00,50,5471,$-493.00,Online Transaction,52073,ONLINE,,,4722,,-493.0,-1,True
7477676,2010-01-01 13:52:00,115,38,$-371.00,Swipe Transaction,49637,Oregon,WI,53575.0,3509,,-371.0,-1,True
7536737,2010-01-16 18:06:00,1094,138,$-401.00,Swipe Transaction,15574,San Francisco,CA,94115.0,3393,,-401.0,-1,True
7482839,2010-01-02 21:49:00,1276,2009,$510.80,Swipe Transaction,18001,Chicago,IL,60616.0,6300,,510.8,-1,True
7530357,2010-01-15 04:54:00,1534,4250,$-371.00,Swipe Transaction,51300,Berlin,Germany,,3359,,-371.0,-1,True
7592762,2010-01-31 07:24:00,1514,5103,$-384.00,Online Transaction,90999,ONLINE,,,4722,,-384.0,-1,True
7548370,2010-01-19 16:01:00,150,2852,$1297.65,Swipe Transaction,38489,Mount Airy,NC,27030.0,3058,,1297.65,-1,True
7513627,2010-01-10 17:48:00,1147,2042,$1205.14,Swipe Transaction,75894,New York,NY,10010.0,8062,,1205.14,-1,True
7514353,2010-01-11 01:01:00,1,3682,$-488.00,Online Transaction,13348,ONLINE,,,4722,,-488.0,-1,True
7522412,2010-01-13 03:56:00,1654,2915,$-432.00,Swipe Transaction,7777,Norwalk,CT,6854.0,3684,,-432.0,-1,True
7568583,2010-01-24 22:31:00,1263,140,$-327.00,Swipe Transaction,52923,Tucson,AZ,85750.0,3504,,-327.0,-1,True
7537040,2010-01-16 20:23:00,1872,4267,$800.15,Swipe Transaction,57386,Marietta,GA,30066.0,3132,,800.15,-1,True
7546590,2010-01-19 09:13:00,1385,5568,$1342.87,Swipe Transaction,7257,Delavan,MN,56023.0,3260,,1342.87,-1,True
7562451,2010-01-23 12:05:00,1334,209,$904.12,Swipe Transaction,60152,Rochester,NY,14624.0,3000,,904.12,-1,True
7479009,2010-01-01 20:30:00,1002,1149,$-469.00,Swipe Transaction,66149,Orlando,FL,32814.0,7011,,-469.0,-1,True
7532152,2010-01-15 13:53:00,1855,5967,$409.00,Swipe Transaction,7777,Maple Valley,WA,98038.0,3684,,409.0,-1,True
7552715,2010-01-20 17:52:00,1514,3325,$411.18,Swipe Transaction,60152,Cleveland,OH,44102.0,3000,,411.18,-1,True
7490298,2010-01-04 17:54:00,178,4261,$-351.00,Online Transaction,52073,ONLINE,,,4722,,-351.0,-1,True
7510095,2010-01-09 22:16:00,1024,1006,$-276.00,Swipe Transaction,74934,Oakland,CA,94606.0,3596,,-276.0,-1,True
7533975,2010-01-16 06:15:00,254,1247,$894.99,Online Transaction,6063,ONLINE,,,4511,,894.99,-1,True
7568238,2010-01-24 19:28:00,1827,3395,$-402.00,Swipe Transaction,44795,Anchorage,AK,99504.0,3780,,-402.0,-1,True
7510178,2010-01-09 22:55:00,776,5859,$445.00,Swipe Transaction,74934,Oakland,CA,94606.0,3596,,445.0,-1,True
7536187,2010-01-16 15:27:00,1648,2166,$482.43,Swipe Transaction,47358,Mendham,NJ,7945.0,7549,,482.43,-1,True
7513619,2010-01-10 17:44:00,1903,2973,$1234.77,Swipe Transaction,7257,Hoonah,AK,99829.0,3260,,1234.77,-1,True
7512523,2010-01-10 13:16:00,1470,256,$798.10,Online Transaction,6063,ONLINE,,,4511,,798.1,-1,True
7542019,2010-01-18 06:56:00,1307,3730,$1153.25,Swipe Transaction,5594,Galt,CA,95632.0,3001,,1153.25,-1,True
7536068,2010-01-16 15:00:00,1737,1096,$685.32,Swipe Transaction,68977,Saline,MI,48176.0,3174,,685.32,-1,True
7534700,2010-01-16 09:34:00,1314,2911,$-436.00,Swipe Transaction,52923,Lake Worth,FL,33462.0,3504,,-436.0,-1,True
7535996,2010-01-16 14:47:00,1314,2911,$-379.00,Swipe Transaction,92822,Lake Worth,FL,33460.0,3395,,-379.0,-1,True
7532894,2010-01-15 17:11:00,1725,3296,$-296.00,Swipe Transaction,59474,Seneca,PA,16346.0,3722,,-296.0,-1,True
7519343,2010-01-12 09:07:00,619,4519,$448.37,Swipe Transaction,19363,Le Sueur,MN,56058.0,4112,,448.37,-1,True
7534854,2010-01-16 10:16:00,1397,2957,$-456.00,Swipe Transaction,46732,Seneca,MO,64865.0,7011,,-456.0,-1,True
7565980,2010-01-24 10:05:00,1412,3436,$-297.00,Swipe Transaction,27238,Van Nuys,CA,91406.0,7011,,-297.0,-1,True
7543245,2010-01-18 11:33:00,474,2493,$488.00,Swipe Transaction,78644,Las Vegas,NV,89148.0,3775,,488.0,-1,True
7508397,2010-01-09 12:56:00,1915,4116,$449.00,Swipe Transaction,41523,Farmersville,TX,75442.0,3387,,449.0,-1,True
7530234,2010-01-15 00:35:00,1534,4250,$-375.00,Online Transaction,90999,ONLINE,,,4722,,-375.0,-1,True
7551359,2010-01-20 12:35:00,1915,4116,$-449.00,Swipe Transaction,41523,Farmersville,TX,75442.0,3387,,-449.0,-1,True
7489636,2010-01-04 14:55:00,1385,3807,$633.38,Online Transaction,38676,ONLINE,,,5816,,633.38,-1,True
7483216,2010-01-03 05:42:00,1384,3723,$-402.00,Swipe Transaction,68001,Dallas,TX,75203.0,7011,,-402.0,-1,True
7519474,2010-01-12 09:31:00,385,2871,$-458.00,Swipe Transaction,16790,Buffalo,NY,14217.0,3389,,-458.0,-1,True
7508373,2010-01-09 12:48:00,1155,5784,$585.29,Swipe Transaction,89995,Rio Rico,AZ,85648.0,8111,,585.29,-1,True
7523993,2010-01-13 11:39:00,776,5859,$-445.00,Swipe Transaction,74934,Oakland,CA,94606.0,3596,,-445.0,-1,True
7563891,2010-01-23 18:17:00,668,3758,$-493.00,Swipe Transaction,7777,Berlin,Germany,,3684,,-493.0,-1,True
7537507,2010-01-17 00:56:00,826,69,$586.75,Swipe Transaction,31883,Atlantic City,NJ,8401.0,7995,,586.75,-1,True
7574340,2010-01-26 10:59:00,1818,4711,$472.09,Swipe Transaction,33603,Virginia Beach,VA,23451.0,8111,,472.09,-1,True
7494843,2010-01-05 22:40:00,1600,4251,$589.23,Online Transaction,45453,ONLINE,,,6300,,589.23,-1,True
7542904,2010-01-18 10:20:00,321,35,$455.75,Swipe Transaction,4655,Merrill,WI,54452.0,8111,,455.75,-1,True
7482355,2010-01-02 18:03:00,331,3818,$-403.00,Swipe Transaction,44795,Marysville,OH,43040.0,3780,,-403.0,-1,True
7507862,2010-01-09 10:49:00,458,5933,$-481.00,Swipe Transaction,59474,Youngtown,AZ,85363.0,3722,,-481.0,-1,True
7566048,2010-01-24 10:21:00,1664,5147,$-498.00,Swipe Transaction,59474,Amsterdam,Netherlands,,3722,,-498.0,-1,True
7557249,2010-01-21 21:34:00,1520,3329,$-490.00,Swipe Transaction,57133,Waianae,HI,96792.0,3730,,-490.0,-1,True
7510922,2010-01-10 07:39:00,1973,2180,$699.11,Online Transaction,70268,ONLINE,,,4722,,699.11,-1,True
7588523,2010-01-30 00:28:00,1156,12,$517.09,Swipe Transaction,59474,Russell,MA,1071.0,3722,,517.09,-1,True
7548744,2010-01-19 17:49:00,668,4097,$555.46,Online Transaction,52073,ONLINE,,,4722,,555.46,-1,True
7553499,2010-01-21 03:04:00,633,2597,$667.77,Swipe Transaction,22792,San Jose,CA,95126.0,8062,,667.77,-1,True
7545400,2010-01-18 22:16:00,1736,113,$623.11,Online Transaction,90999,ONLINE,,,4722,,623.11,-1,True
7498226,2010-01-06 17:26:00,1417,2975,$658.40,Swipe Transaction,58284,Highland,MI,48357.0,6300,,658.4,-1,True
7533917,2010-01-16 05:50:00,1977,5366,$515.83,Swipe Transaction,73268,Dyer,IN,46311.0,6300,,515.83,-1,True
7537355,2010-01-16 22:36:00,1598,4657,$-461.00,Swipe Transaction,39991,Lincoln Park,MI,48146.0,3771,,-461.0,-1,True
7529338,2010-01-14 16:48:00,1692,3646,$483.00,Swipe Transaction,49637,Binghamton,NY,13901.0,3509,,483.0,-1,True
7553459,2010-01-21 01:56:00,989,4124,$620.25,Swipe Transaction,6699,Chantilly,VA,20152.0,7995,,620.25,-1,True
7537660,2010-01-17 05:25:00,921,2541,$511.51,Swipe Transaction,31883,Atlantic City,NJ,8401.0,7995,,511.51,-1,True
7510165,2010-01-09 22:50:00,261,30,$-251.00,Swipe Transaction,74934,Oakland,CA,94606.0,3596,,-251.0,-1,True
7509752,2010-01-09 19:29:00,346,3379,$-402.00,Swipe Transaction,15426,Saint Paul,MN,55127.0,3390,,-402.0,-1,True
7590376,2010-01-30 13:27:00,110,4103,$-348.00,Swipe Transaction,3558,Georgetown,TX,78626.0,3640,,-348.0,-1,True
7564571,2010-01-23 23:07:00,1528,2491,$-462.00,Swipe Transaction,16790,Miami,FL,33176.0,3389,,-462.0,-1,True
7505013,2010-01-08 14:28:00,1227,122,$1162.54,Swipe Transaction,47203,Mitchell,SD,57301.0,3008,,1162.54,-1,True
7573314,2010-01-26 07:21:00,1362,2145,$-366.00,Swipe Transaction,39991,Lincoln Park,MI,48146.0,3771,,-366.0,-1,True
7593854,2010-01-31 11:12:00,989,4124,$440.80,Swipe Transaction,60152,Laurel,MD,20724.0,3000,,440.8,-1,True
7510197,2010-01-09 23:12:00,1024,1006,$-274.00,Swipe Transaction,15574,Colbert,WA,99005.0,3393,,-274.0,-1,True
7564477,2010-01-23 22:19:00,614,4753,$-272.00,Swipe Transaction,92822,Compton,CA,90220.0,3395,,-272.0,-1,True
7564131,2010-01-23 19:48:00,708,5165,$-436.00,Online Transaction,70268,ONLINE,,,4722,,-436.0,-1,True
7576947,2010-01-27 01:35:00,1557,2471,$467.52,Online Transaction,34524,ONLINE,,,5712,,467.52,-1,True
7559347,2010-01-22 14:00:00,490,5963,$478.35,Swipe Transaction,34488,Arcadia,CA,91007.0,7802,,478.35,-1,True
7499930,2010-01-07 08:52:00,419,3854,$824.15,Swipe Transaction,57386,Turlock,CA,95381.0,3132,,824.15,-1,True
7580746,2010-01-27 22:05:00,951,2942,$407.00,Swipe Transaction,3558,Riverside,CA,92505.0,3640,,407.0,-1,True
7477722,2010-01-01 14:05:00,1451,5530,$-354.00,Swipe Transaction,74934,Oakland,CA,94606.0,3596,,-354.0,-1,True
7538926,2010-01-17 10:43:00,1989,3800,$489.64,Swipe Transaction,31883,Atlantic City,NJ,8401.0,7995,,489.64,-1,True
7530166,2010-01-14 23:07:00,1397,2957,$456.00,Swipe Transaction,46732,Seneca,MO,64865.0,7011,,456.0,-1,True
7504430,2010-01-08 12:04:00,16,2979,$746.24,Swipe Transaction,647,Chicago,IL,60609.0,8062,,746.24,-1,True
7582407,2010-01-28 10:56:00,1731,4616,$626.69,Online Transaction,55555,ONLINE,,,5712,,626.69,-1,True
7477672,2010-01-01 13:50:00,1758,3440,$-338.00,Swipe Transaction,59474,Atlanta,GA,30339.0,3722,,-338.0,-1,True
7531961,2010-01-15 13:07:00,1128,4548,$486.00,Swipe Transaction,39991,Lincoln Park,MI,48146.0,3771,,486.0,-1,True
